{
    "accuracy": 0.75,
    "precision": 0.6363636363636364,
    "recall": 0.875,
    "f1": 0.7368421052631579,
    "auc_roc": 0.7916666666666667,
    "total_customers": 100,
    "churn_rate": 0.4
}