{
    "accuracy": 0.785,
    "precision": 0.6790123456790124,
    "recall": 0.7638888888888888,
    "f1": 0.7189542483660131,
    "auc_roc": 0.8669704861111112,
    "total_customers": 1000,
    "churn_rate": 0.358
}